{"name": ["vikas", 1609166340.5653636], "city": ["hyderabad", 1609166339.5682287], "street": ["canal lane", 1609166387.1930604], "phone": [9392322121, 1609166387.194413], "phone1": [9392322121, 1609166820.1378272], "phone2": [9392322121, 1609167181.1213617]}